year,area_id,species_code,sex,age,apop
2019,99903,30060,3,23,596
2019,99903,30060,3,24,447
2019,99903,30060,3,25,894
2019,99903,30060,3,27,149
2019,99903,30060,3,29,149
2019,99903,30060,3,31,149
2019,99903,30060,3,32,298
2019,99903,30060,3,33,149
2019,99903,30060,3,34,149
2019,99903,30060,3,39,149
2019,99903,30060,3,40,149
2019,99903,30060,3,49,149
2019,99903,30051,1,2,100710
2019,99903,30051,1,3,613374
2019,99903,30051,1,4,111141
2019,99903,30051,1,5,906459
2019,99903,30051,1,6,1704165
2019,99903,30051,1,7,852248
2019,99903,30051,1,8,1793799
2019,99903,30051,1,9,1740218
2019,99903,30051,1,10,995702
2019,99903,30051,1,11,663914
2019,99903,30051,1,12,581919
2019,99903,30051,1,13,1264168
2019,99903,30051,1,14,815856
2019,99903,30051,1,15,380603
2019,99903,30051,1,16,65220
2019,99903,30051,1,17,50837
2019,99903,30051,1,18,50837
2019,99903,30051,1,19,113262
2019,99903,30051,1,21,89568
2019,99903,30051,1,22,32610
2019,99903,30051,1,23,47971
2019,99903,30051,1,25,274178
2019,99903,30051,1,33,30941
2019,99903,30051,1,42,25517
2019,99903,30051,1,44,30941
2019,99903,30051,1,54,79455
2019,99903,30051,1,108,59086
2019,99903,30051,2,3,671862
2019,99903,30051,2,4,328838
2019,99903,30051,2,5,796759
2019,99903,30051,2,6,1099342
2019,99903,30051,2,7,1745876
2019,99903,30051,2,8,2219022
2019,99903,30051,2,9,2396793
2019,99903,30051,2,10,888371
2019,99903,30051,2,11,412059
2019,99903,30051,2,12,1110835
2019,99903,30051,2,13,277357
2019,99903,30051,2,14,207891
2019,99903,30051,2,15,345803
2019,99903,30051,2,16,142209
2019,99903,30051,2,17,92716
2019,99903,30051,2,18,340785
2019,99903,30051,2,20,167462
2019,99903,30051,2,21,89363
2019,99903,30051,2,22,100252
2019,99903,30051,2,23,91381
2019,99903,30051,2,24,189675
2019,99903,30051,2,25,38466
2019,99903,30051,2,27,13473
2019,99903,30051,2,29,13473
2019,99903,30051,2,30,122804
2019,99903,30051,2,31,8146
2019,99903,30051,2,33,200666
2019,99903,30051,2,40,13473
2019,99903,30051,2,62,23236
2019,99903,30051,3,2,119605
2019,99903,30051,3,3,126872
2019,99903,30051,3,4,7173
2019,99903,30051,3,5,22635
2019,99903,30051,3,6,15045
2019,99903,30420,1,3,40271
2019,99903,30420,1,5,73436
2019,99903,30420,1,6,101134
2019,99903,30420,1,7,316282
2019,99903,30420,1,8,651148
2019,99903,30420,1,9,704153
2019,99903,30420,1,10,1687023
2019,99903,30420,1,11,1092133
2019,99903,30420,1,12,1599226
2019,99903,30420,1,13,1811339
2019,99903,30420,1,14,595596
2019,99903,30420,1,15,242299
2019,99903,30420,1,16,1373843
2019,99903,30420,1,17,1408526
2019,99903,30420,1,18,1433380
2019,99903,30052,1,3,213373
2019,99903,30052,1,4,214748
2019,99903,30052,1,5,77536
2019,99903,30052,1,6,195619
2019,99903,30052,1,7,252611
2019,99903,30052,1,8,214699
2019,99903,30052,1,9,816856
2019,99903,30052,1,10,446135
2019,99903,30052,1,11,576522
2019,99903,30052,1,12,250136
2019,99903,30052,1,13,441692
2019,99903,30052,1,14,1548490
2019,99903,30052,1,15,110662
2019,99903,30052,1,16,3919037
2019,99903,30052,1,17,2156718
2019,99903,30052,1,18,276099
2019,99903,30052,1,19,1199076
2019,99903,30052,1,20,66715
2019,99903,30052,1,21,490690
2019,99903,30052,1,22,407857
2019,99903,30052,1,24,37898
2019,99903,30052,1,25,16390
2019,99903,30052,1,27,74244
2019,99903,30052,1,28,868231
2019,99903,30052,1,30,407006
2019,99903,30052,1,35,16390
2019,99903,30052,1,36,16158
2019,99903,30052,1,37,122466
2019,99903,30052,2,3,146876
2019,99903,30052,2,4,273275
2019,99903,30052,2,5,218069
2019,99903,30052,2,6,24578
2019,99903,30052,2,7,101864
2019,99903,30052,2,8,527154
2019,99903,30052,2,9,131843
2019,99903,30052,2,10,1103830
2019,99903,30052,2,11,653306
2019,99903,30052,2,12,902798
2019,99903,30052,2,13,1110226
2019,99903,30052,2,14,134588
2019,99903,30052,2,15,350812
2019,99903,30052,2,16,996018
2019,99903,30052,2,17,125299
2019,99903,30052,2,18,453397
2019,99903,30052,2,19,1726127
2019,99903,30052,2,20,789549
2019,99903,30052,2,21,169391
2019,99903,30052,2,22,356441
2019,99903,30052,2,24,230471
2019,99903,30052,2,25,196582
2019,99903,30052,2,26,3186310
2019,99903,30052,2,28,1205159
2019,99903,30052,2,30,32316
2019,99903,30052,2,31,40395
2019,99903,30052,2,42,16158
2019,99903,30052,3,2,34028
2019,99903,30052,3,3,111398
2019,99903,30052,3,4,34028
2019,99903,30052,3,5,26327
2019,99903,30052,3,6,5671
2019,99903,30052,3,8,5671
2019,99903,30420,1,19,2115009
2019,99903,30420,1,20,2369253
2019,99903,30420,1,21,2162873
2019,99903,30420,1,22,1845329
2019,99903,30420,1,23,1507829
2019,99903,30420,1,24,2217935
2019,99903,30420,1,25,936346
2019,99903,30420,1,26,473465
2019,99903,30420,1,27,1036839
2019,99903,30420,1,28,1042680
2019,99903,30420,1,29,701679
2019,99903,30420,1,31,681630
2019,99903,30420,1,32,1593070
2019,99903,30420,1,33,714044
2019,99903,30420,1,35,1333476
2019,99903,30420,1,36,231166
2019,99903,30420,1,37,477037
2019,99903,30420,1,38,1282710
2019,99903,30420,1,39,121583
2019,99903,30420,1,40,477037
2019,99903,30420,1,41,462333
2019,99903,30420,1,42,501350
2019,99903,30420,1,43,736572
2019,99903,30420,1,44,943425
2019,99903,30420,1,45,468173
2019,99903,30420,1,46,501350
2019,99903,30420,1,49,892051
2019,99903,30420,1,50,657272
2019,99903,30420,1,52,477037
2019,99903,30420,1,54,231166
2019,99903,30420,1,58,237007
2019,99903,30420,2,5,229922
2019,99903,30420,2,6,77856
2019,99903,30420,2,7,128395
2019,99903,30420,2,8,354702
2019,99903,30420,2,9,1331242
2019,99903,30420,2,10,2237077
2019,99903,30420,2,11,319160
2019,99903,30420,2,12,770060
2019,99903,30420,2,13,730378
2019,99903,30420,2,14,319160
2019,99903,30420,2,15,1047186
2019,99903,30420,2,16,1238106
2019,99903,30420,2,17,1874819
2019,99903,30420,2,18,3005698
2019,99903,30420,2,19,2566307
2019,99903,30420,2,20,1660758
2019,99903,30420,2,21,5930526
2019,99903,30420,2,22,1415815
2019,99903,30420,2,23,3246263
2019,99903,30420,2,24,2887921
2019,99903,30420,2,25,2930509
2019,99903,30420,2,26,1981496
2019,99903,30420,2,27,231586
2019,99903,30420,2,28,522569
2019,99903,30420,2,29,912403
2019,99903,30420,2,30,559703
2019,99903,30420,2,31,860949
2019,99903,30420,2,32,1113088
2019,99903,30420,2,33,2028495
2019,99903,30420,2,34,1818984
2019,99903,30420,2,35,1537530
2019,99903,30420,2,36,441859
2019,99903,30420,2,37,522569
2019,99903,30420,2,38,1750807
2019,99903,30420,2,39,1079996
2019,99903,30420,2,40,1956001
2019,99903,30420,2,41,1720690
2019,99903,30420,2,42,616689
2019,99903,30420,2,43,883717
2019,99903,30420,2,44,1268810
2019,99903,30420,2,45,362105
2019,99903,30420,2,46,181052
2019,99903,30420,2,47,539115
2019,99903,30420,2,48,181052
2019,99903,30420,2,49,411218
2019,99903,30420,2,51,802925
2019,99903,30420,2,52,543157
2019,99903,30420,2,54,244261
2019,99903,30420,2,56,181052
2019,99903,30420,2,57,522569
2019,99903,30420,3,3,40271
2019,99903,21740,1,1,64189553
2019,99903,21740,1,2,57335176
2019,99903,21740,1,3,31126257
2019,99903,21740,1,4,9212991
2019,99903,21740,1,5,6146027
2019,99903,21740,1,6,20895215
2019,99903,21740,1,7,75968962
2019,99903,21740,1,8,10509860
2019,99903,21740,1,9,1798841
2019,99903,21740,1,11,346816
2019,99903,21740,2,1,59551125
2019,99903,21740,2,2,55576749
2019,99903,21740,2,3,43488194
2019,99903,21740,2,4,17015923
2019,99903,21740,2,5,6027313
2019,99903,21740,2,6,11387505
2019,99903,21740,2,7,116097899
2019,99903,21740,2,8,10986758
2019,99903,21740,2,9,1696649
2019,99903,21740,2,10,83884
2019,99903,21740,3,1,51877508
2019,99903,21740,3,2,2689139
2019,99903,21740,3,3,170704
2019,99903,21740,3,4,90139
2019,99903,21740,3,5,39560
2019,99903,21740,3,6,150269
2019,99903,21740,3,7,395782
2019,99903,21740,3,8,59529
2019,99903,21740,3,9,3674
2019,99903,30060,1,1,760129
2019,99903,30060,1,2,40542259
2019,99903,30060,1,3,96054218
2019,99903,30060,1,4,18840267
2019,99903,30060,1,5,47139481
2019,99903,30060,1,6,45537453
2019,99903,30060,1,7,38076903
2019,99903,30060,1,8,36202003
2019,99903,30060,1,9,60699497
2019,99903,30060,1,10,77616202
2019,99903,30060,1,11,64533510
2019,99903,30060,1,12,59508027
2019,99903,30060,1,13,36779737
2019,99903,30060,1,14,22950624
2019,99903,30060,1,15,29650630
2019,99903,30060,1,16,28703649
2019,99903,30060,1,17,37293439
2019,99903,30060,1,18,32573481
2019,99903,30060,1,19,28208903
2019,99903,30060,1,20,24979662
2019,99903,30060,1,21,35232990
2019,99903,30060,1,22,24043318
2019,99903,30060,1,23,16444752
2019,99903,30060,1,24,29770520
2019,99903,30060,1,25,27100952
2019,99903,30060,1,26,14546183
2019,99903,30060,1,27,12696940
2019,99903,30060,1,28,14054006
2019,99903,30060,1,29,5890421
2019,99903,30060,1,30,5056070
2019,99903,30060,1,31,14155762
2019,99903,30060,1,32,9647829
2019,99903,30060,1,33,7501412
2019,99903,30060,1,34,4547270
2019,99903,30060,1,35,4350621
2019,99903,30060,1,36,3061241
2019,99903,30060,1,37,2019460
2019,99903,30060,1,38,1220288
2019,99903,30060,1,39,1658062
2019,99903,30060,1,40,1658062
2019,99903,30060,1,41,1392322
2019,99903,30060,1,48,131954
2019,99903,30060,1,49,1658062
2019,99903,30060,1,50,627138
2019,99903,30060,1,57,1694412
2019,99903,30060,1,59,1668920
2019,99903,30060,2,1,1081756
2019,99903,30060,2,2,24836815
2019,99903,30060,2,3,82294381
2019,99903,30060,2,4,16794743
2019,99903,30060,2,5,53946737
2019,99903,30060,2,6,26123673
2019,99903,30060,2,7,54475530
2019,99903,30060,2,8,25737278
2019,99903,30060,2,9,74488446
2019,99903,30060,2,10,49901619
2019,99903,30060,2,11,66823298
2019,99903,30060,2,12,56123032
2019,99903,30060,2,13,46925727
2019,99903,30060,2,14,31487112
2019,99903,30060,2,15,7095001
2019,99903,30060,2,16,36202345
2019,99903,30060,2,17,27778376
2019,99903,30060,2,18,28361718
2019,99903,30060,2,19,38741190
2019,99903,30060,2,20,25871671
2019,99903,30060,2,21,32333153
2019,99903,30060,2,22,34892066
2019,99903,30060,2,23,18154123
2019,99903,30060,2,24,20122907
2019,99903,30060,2,25,22977065
2019,99903,30060,2,26,8192283
2019,99903,30060,2,27,19034205
2019,99903,30060,2,28,9677811
2019,99903,30060,2,29,6599773
2019,99903,30060,2,30,14691709
2019,99903,30060,2,31,8227270
2019,99903,30060,2,32,6551929
2019,99903,30060,2,33,4076726
2019,99903,30060,2,34,2987342
2019,99903,30060,2,37,1089383
2019,99903,30060,2,38,1517593
2019,99903,30060,2,41,1578579
2019,99903,30060,2,42,803112
2019,99903,30060,2,51,16451
2019,99903,30060,2,60,1578579
2019,99903,30060,2,61,1517593
2019,99903,30060,3,1,143087
2019,99903,30060,3,2,3427820
2019,99903,30060,3,3,294571
2019,99903,30060,3,4,17689
2019,99903,30060,3,5,45139
2019,99903,30060,3,6,16048
2019,99903,30060,3,7,1434
2019,99903,30060,3,8,149
2019,99903,30060,3,9,1732
2019,99903,30060,3,10,596
2019,99903,30060,3,11,1043
2019,99903,30060,3,12,1938
2019,99903,30060,3,13,1490
2019,99903,30060,3,14,1192
2019,99903,30060,3,15,596
2019,99903,30060,3,16,1043
2019,99903,30060,3,17,1341
2019,99903,30060,3,18,1043
2019,99903,30060,3,19,894
2019,99903,30060,3,20,894
2019,99903,30060,3,21,1490
2019,99903,30060,3,22,596
2019,99903,30152,1,3,17066
2019,99903,30152,1,5,74910
2019,99903,30152,1,6,92917
2019,99903,30152,1,7,348719
2019,99903,30152,1,8,626547
2019,99903,30152,1,9,2589650
2019,99903,30152,1,10,2082301
2019,99903,30152,1,11,3815667
2019,99903,30152,1,12,3712135
2019,99903,30152,1,13,1980307
2019,99903,30152,1,14,2247005
2019,99903,30152,1,15,1089351
2019,99903,30152,1,16,1158724
2019,99903,30152,1,17,1451083
2019,99903,30152,1,18,1414325
2019,99903,30152,1,19,1081825
2019,99903,30152,1,20,845754
2019,99903,30152,1,21,1671251
2019,99903,30152,1,22,338271
2019,99903,30152,1,23,148152
2019,99903,30152,1,24,478453
2019,99903,30152,1,25,905029
2019,99903,30152,1,26,267767
2019,99903,30152,1,27,417482
2019,99903,30152,1,28,321641
2019,99903,30152,1,29,94278
2019,99903,30152,1,30,94278
2019,99903,30152,1,31,158422
2019,99903,30152,1,32,94278
2019,99903,30152,1,34,79211
2019,99903,30152,1,37,112445
2019,99903,30152,2,3,17066
2019,99903,30152,2,4,38630
2019,99903,30152,2,5,139433
2019,99903,30152,2,6,279733
2019,99903,30152,2,7,177176
2019,99903,30152,2,8,938073
2019,99903,30152,2,9,2840009
2019,99903,30152,2,10,2852841
2019,99903,30152,2,11,4127339
2019,99903,30152,2,12,3987389
2019,99903,30152,2,13,1660826
2019,99903,30152,2,14,1300299
2019,99903,30152,2,15,1517783
2019,99903,30152,2,16,2422378
2019,99903,30152,2,17,1991562
2019,99903,30152,2,18,1106642
2019,99903,30152,2,19,1756298
2019,99903,30152,2,20,645918
2019,99903,30152,2,21,887527
2019,99903,30152,2,22,1167055
2019,99903,30152,2,23,175296
2019,99903,30152,2,24,708292
2019,99903,30152,2,25,212571
2019,99903,30152,2,26,250930
2019,99903,30152,2,27,126950
2019,99903,30152,2,28,546982
2019,99903,30152,2,30,493359
2019,99903,30152,2,31,212571
2019,99903,30152,2,32,384724
2019,99903,30152,2,33,191114
2019,99903,30152,2,34,163282
2019,99903,30152,2,35,172153
2019,99903,30152,2,45,384780
2019,99903,30152,3,8,9274
2019,99903,30152,3,9,17771
2019,99903,30152,3,10,5619
2019,99903,30152,3,11,6259
2019,99903,30152,3,12,4386
2019,99903,30152,3,13,2193
2019,99903,30152,3,14,548
2019,99903,30152,3,16,1096
2019,99903,30152,3,17,548
2019,99903,10262,1,2,216264
2019,99903,10262,1,3,1875949
2019,99903,10262,1,4,12429408
2019,99903,10262,1,5,24030631
2019,99903,10262,1,6,6638320
2019,99903,10262,1,7,3962299
2019,99903,10262,1,8,2788066
2019,99903,10262,1,9,4478920
2019,99903,10262,1,10,743929
2019,99903,10262,1,11,242674
2019,99903,10262,1,12,1186187
2019,99903,10262,1,13,431650
2019,99903,10262,1,14,3131512
2019,99903,10262,1,15,1432581
2019,99903,10262,1,16,1886495
2019,99903,10262,1,17,1187690
2019,99903,10262,1,18,442288
2019,99903,10262,1,19,875148
2019,99903,10262,1,22,282576
2019,99903,10262,1,23,539259
2019,99903,10262,1,24,369258
2019,99903,10262,1,25,186756
2019,99903,10262,2,2,227324
2019,99903,10262,2,3,2848818
2019,99903,10262,2,4,16716785
2019,99903,10262,2,5,24374585
2019,99903,10262,2,6,12426496
2019,99903,10262,2,7,6630376
2019,99903,10262,2,8,7688015
2019,99903,10262,2,9,11094598
2019,99903,10262,2,10,5179156
2019,99903,10262,2,11,4130026
2019,99903,10262,2,12,2378588
2019,99903,10262,2,13,1769119
2019,99903,10262,2,14,5340805
2019,99903,10262,2,15,4220597
2019,99903,10262,2,16,5936175
2019,99903,10262,2,17,4904228
2019,99903,10262,2,18,3721838
2019,99903,10262,2,19,1934268
2019,99903,10262,2,20,1660386
2019,99903,10262,2,21,2784551
2019,99903,10262,2,22,1220885
2019,99903,10262,2,23,267946
2019,99903,10262,2,24,219555
2019,99903,10262,3,4,21360
2019,99903,10262,3,8,4889
2019,99903,10262,3,9,5867
2019,99903,10262,3,10,3911
2019,99903,10262,3,11,5867
2019,99903,10262,3,12,2934
2019,99903,10262,3,13,978
2019,99903,10262,3,14,978
2019,99903,10262,3,15,1956
2019,99903,10262,3,17,978
2019,99903,10262,3,18,978
2019,99903,10110,1,1,1432816
2019,99903,10110,1,2,89196898
2019,99903,10110,1,3,154279406
2019,99903,10110,1,4,113001836
2019,99903,10110,1,5,119272347
2019,99903,10110,1,6,96909989
2019,99903,10110,1,7,76780513
2019,99903,10110,1,8,37603663
2019,99903,10110,1,9,13158601
2019,99903,10110,1,10,7312868
2019,99903,10110,1,11,8308752
2019,99903,10110,1,12,8585013
2019,99903,10110,1,13,2962157
2019,99903,10110,1,14,3986458
2019,99903,10110,2,1,3096511
2019,99903,10110,2,2,151273476
2019,99903,10110,2,3,207123867
2019,99903,10110,2,4,215205669
2019,99903,10110,2,5,183421509
2019,99903,10110,2,6,140725389
2019,99903,10110,2,7,151022932
2019,99903,10110,2,8,54456199
2019,99903,10110,2,9,37695722
2019,99903,10110,2,10,24371721
2019,99903,10110,2,11,18965685
2019,99903,10110,2,12,28580604
2019,99903,10110,2,13,10214897
2019,99903,10110,2,14,7168584
2019,99903,10110,2,15,3264325
2019,99903,10110,2,16,4810537
2019,99903,10110,2,17,1789138
2019,99903,10110,2,18,129836
2019,99903,10110,2,19,115711
2019,99903,10110,2,20,578076
2019,99903,10110,2,22,914085
2019,99903,10110,3,1,86346
2019,99903,10110,3,2,247283
2019,99903,10110,3,3,33852
2019,99903,10180,1,2,184392
2019,99903,10180,1,3,737004
2019,99903,10180,1,4,3718362
2019,99903,10180,1,5,4919652
2019,99903,10180,1,6,980232
2019,99903,10180,1,7,2265374
2019,99903,10180,1,8,1937585
2019,99903,10180,1,9,1711652
2019,99903,10180,1,10,2063158
2019,99903,10180,1,11,1784803
2019,99903,10180,1,12,1180161
2019,99903,10180,1,13,1397741
2019,99903,10180,1,14,797697
2019,99903,10180,1,15,922682
2019,99903,10180,1,16,2077802
2019,99903,10180,1,17,1200709
2019,99903,10180,1,18,1804764
2019,99903,10180,1,19,351309
2019,99903,10180,1,20,562698
2019,99903,10180,1,21,684789
2019,99903,10180,1,22,360442
2019,99903,10180,1,23,617343
2019,99903,10180,1,24,297257
2019,99903,10180,1,25,574948
2019,99903,10180,1,26,455744
2019,99903,10180,1,28,544877
2019,99903,10180,1,29,66846
2019,99903,10180,1,30,667035
2019,99903,10180,1,31,155420
2019,99903,10180,1,32,207546
2019,99903,10180,1,33,207546
2019,99903,10180,1,35,248197
2019,99903,10180,1,36,192228
2019,99903,10180,1,37,320086
2019,99903,10180,1,38,521284
2019,99903,10180,1,39,143810
2019,99903,10180,1,40,244544
2019,99903,10180,1,43,315043
2019,99903,10180,1,44,433594
2019,99903,10180,1,47,207546
2019,99903,10180,1,48,479167
2019,99903,10180,1,50,181910
2019,99903,10180,1,51,248197
2019,99903,10180,1,53,407278
2019,99903,10180,1,57,181910
2019,99903,10180,2,2,294849
2019,99903,10180,2,3,814719
2019,99903,10180,2,4,5060686
2019,99903,10180,2,5,2941656
2019,99903,10180,2,6,1832001
2019,99903,10180,2,7,1343492
2019,99903,10180,2,8,3085476
2019,99903,10180,2,9,1095545
2019,99903,10180,2,10,717503
2019,99903,10180,2,11,2164512
2019,99903,10180,2,12,681511
2019,99903,10180,2,13,1263565
2019,99903,10180,2,14,988879
2019,99903,10180,2,15,634666
2019,99903,10180,2,16,1186160
2019,99903,10180,2,17,249238
2019,99903,10180,2,18,555785
2019,99903,10180,2,19,405188
2019,99903,10180,2,20,1500332
2019,99903,10180,2,21,821624
2019,99903,10180,2,22,853958
2019,99903,10180,2,23,811342
2019,99903,10180,2,24,1055920
2019,99903,10180,2,25,366282
2019,99903,10180,2,26,471508
2019,99903,10180,2,28,120821
2019,99903,10180,2,30,105808
2019,99903,10180,2,31,320698
2019,99903,10180,2,32,149173
2019,99903,10180,2,33,249238
2019,99903,10180,2,34,420951
2019,99903,10180,2,36,266748
2019,99903,10180,2,38,185515
2019,99903,10180,2,40,185515
2019,99903,10180,2,42,247612
2019,99903,10180,2,45,323423
2019,99903,10180,2,62,120821
2019,99903,10180,2,64,140770
2019,99903,10180,3,3,5166
2019,99903,10180,3,4,24843
2019,99903,10180,3,5,27449
2019,99903,10180,3,6,10970
2019,99903,10180,3,7,23235
2019,99903,10180,3,8,56313
2019,99903,10180,3,9,26709
2019,99903,10180,3,10,32913
2019,99903,10180,3,11,41132
2019,99903,10180,3,12,22739
2019,99903,10180,3,13,23802
2019,99903,10180,3,14,22031
2019,99903,10180,3,15,19988
2019,99903,10180,3,16,32909
2019,99903,10180,3,17,13154
2019,99903,10180,3,18,17924
2019,99903,10180,3,19,6234
2019,99903,10180,3,20,10131
2019,99903,10180,3,21,4993
2019,99903,10180,3,22,6457
2019,99903,10180,3,24,1559
2019,99903,10180,3,25,1714
2019,99903,10180,3,26,6551
2019,99903,10180,3,28,6217
2019,99903,10180,3,29,1559
2019,99903,10180,3,31,4898
2019,99903,10180,3,32,1319
2019,99903,10180,3,33,1319
2019,99903,10180,3,35,3674
2019,99903,10180,3,40,1714
2019,99903,10180,3,43,5232
2019,99903,10180,3,44,7620
2019,99903,10180,3,47,1319
2019,99903,10180,3,51,3674
2019,99903,10180,3,53,3674
2019,99903,21720,1,1,8951183
2019,99903,21720,1,2,18195971
2019,99903,21720,1,3,21757869
2019,99903,21720,1,4,3217261
2019,99903,21720,1,5,3206552
2019,99903,21720,1,6,3411811
2019,99903,21720,1,7,911390
2019,99903,21720,1,8,263769
2019,99903,21720,2,1,10298721
2019,99903,21720,2,2,16576177
2019,99903,21720,2,3,20859054
2019,99903,21720,2,4,6344507
2019,99903,21720,2,5,3344905
2019,99903,21720,2,6,1819649
2019,99903,21720,2,7,1741262
2019,99903,21720,2,8,788618
2019,99903,21720,2,9,46392
2019,99903,21720,3,1,20144
2019,99903,10130,1,2,611353
2019,99903,10130,1,3,14437999
2019,99903,10130,1,4,30682189
2019,99903,10130,1,5,17440778
2019,99903,10130,1,6,39020537
2019,99903,10130,1,7,48249018
2019,99903,10130,1,8,73051950
2019,99903,10130,1,9,42101963
2019,99903,10130,1,10,34991032
2019,99903,10130,1,11,10775341
2019,99903,10200,1,2,6142422
2019,99903,10200,1,3,22421966
2019,99903,10200,1,4,53811370
2019,99903,10200,1,5,18251916
2019,99903,10200,1,6,10131047
2019,99903,10200,1,7,15717670
2019,99903,10200,1,8,5320538
2019,99903,10200,1,9,7103495
2019,99903,10200,1,10,4709353
2019,99903,10200,1,11,4902112
2019,99903,10200,1,12,10492095
2019,99903,10200,1,13,1605629
2019,99903,10200,1,14,2201628
2019,99903,10200,1,15,4282247
2019,99903,10200,1,16,459352
2019,99903,10200,1,17,457950
2019,99903,10200,1,18,678578
2019,99903,10200,1,19,531906
2019,99903,10200,1,20,678578
2019,99903,10200,1,21,579159
2019,99903,10200,1,23,384022
2019,99903,10200,1,29,294557
2019,99903,10200,1,31,304572
2019,99903,10200,1,34,586602
2019,99903,10200,2,2,6597485
2019,99903,10200,2,3,14900218
2019,99903,10200,2,4,56735619
2019,99903,10200,2,5,18391647
2019,99903,10200,2,6,11093447
2019,99903,10200,2,7,9446637
2019,99903,10200,2,8,9994431
2019,99903,10200,2,9,4657634
2019,99903,10200,2,10,7162906
2019,99903,10200,2,11,6551946
2019,99903,10200,2,12,8806061
2019,99903,10200,2,13,2806598
2019,99903,10200,2,14,989162
2019,99903,10200,2,15,1664038
2019,99903,10200,2,16,2065853
2019,99903,10200,2,17,1285898
2019,99903,10200,2,19,1102354
2019,99903,10200,2,20,1681762
2019,99903,10200,2,21,1336101
2019,99903,10200,2,22,1028271
2019,99903,10200,2,25,471847
2019,99903,10200,2,27,598613
2019,99903,10200,3,2,790478
2019,99903,10200,3,3,221183
2019,99903,10200,3,4,258362
2019,99903,10200,3,5,37986
2019,99903,10130,1,12,9294591
2019,99903,10130,1,13,8544817
2019,99903,10130,1,14,5181931
2019,99903,10130,1,15,6337642
2019,99903,10130,1,16,1061034
2019,99903,10130,1,17,1102608
2019,99903,10130,1,20,3369788
2019,99903,10130,2,3,16731150
2019,99903,10130,2,4,41259619
2019,99903,10130,2,5,39782308
2019,99903,10130,2,6,16497078
2019,99903,10130,2,7,22114255
2019,99903,10130,2,8,27993968
2019,99903,10130,2,9,43415738
2019,99903,10130,2,10,26915616
2019,99903,10130,2,11,15543941
2019,99903,10130,2,12,5352218
2019,99903,10130,2,13,13669415
2019,99903,10130,2,14,2120230
2019,99903,10130,2,15,6468192
2019,99903,10130,2,16,3939372
2019,99903,10130,2,18,1095559
2019,99903,10130,2,19,652986
2019,99903,10130,3,2,2199608
2019,99903,10130,3,3,2018517
2019,99903,10130,3,4,703620
2019,99903,10130,3,5,499317
2019,99903,10130,3,6,525598
2019,99903,10130,3,7,433897
2019,99903,10130,3,8,837230
2019,99903,10130,3,9,879487
2019,99903,10130,3,10,448735
2019,99903,10130,3,11,232913
2019,99903,10130,3,12,139715
2019,99903,10130,3,13,233901
2019,99903,10130,3,14,91375
2019,99903,10130,3,15,107066
2019,99903,10130,3,16,85392
2019,99903,10130,3,17,12376
2019,99903,10130,3,20,47735
2025,99903,10110,1,1,1797784
2025,99903,10110,1,2,93450999
2025,99903,10110,1,3,153087468
2025,99903,10110,1,4,107991079
2025,99903,10110,1,5,110422369
2025,99903,10110,1,6,87080261
2025,99903,10110,1,7,70519742
2025,99903,10110,1,8,34735272
2025,99903,10110,1,9,12058287
2025,99903,10110,1,10,6619249
2025,99903,10110,1,11,7625224
2025,99903,10110,1,12,7561160
2025,99903,10110,1,13,2819765
2025,99903,10110,1,14,3531939
2025,99903,10110,2,1,3448356
2025,99903,10110,2,2,151013808
2025,99903,10110,2,3,200711309
2025,99903,10110,2,4,202174157
2025,99903,10110,2,5,171471547
2025,99903,10110,2,6,125456965
2025,99903,10110,2,7,135007163
2025,99903,10110,2,8,49570267
2025,99903,10110,2,9,34962418
2025,99903,10110,2,10,21917408
2025,99903,10110,2,11,17166638
2025,99903,10110,2,12,25859147
2025,99903,10110,2,13,9383912
2025,99903,10110,2,14,6580774
2025,99903,10110,2,15,2932307
2025,99903,10110,2,16,4453703
2025,99903,10110,2,17,1740215
2025,99903,10110,2,18,163398
2025,99903,10110,2,19,162423
2025,99903,10110,2,20,472753
2025,99903,10110,2,22,837557
2025,99903,10110,3,1,129185
2025,99903,10110,3,2,347177
2025,99903,10110,3,3,45923
2025,99903,10130,1,2,507486
2025,99903,10130,1,3,13467268
2025,99903,10130,1,4,28574681
2025,99903,10130,1,5,15951080
2025,99903,10130,1,6,36180485
2025,99903,10130,1,7,44441813
2025,99903,10130,1,8,67410652
2025,99903,10130,1,9,38421242
2025,99903,10130,1,10,32426614
2025,99903,10130,1,11,10051422
2025,99903,10130,1,12,8596489
2025,99903,10130,1,13,8003704
2025,99903,10130,1,14,4753171
2025,99903,10130,1,15,5992800
2025,99903,10130,1,16,1045449
2025,99903,10130,1,17,1017736
2025,99903,10130,1,20,3141727
2025,99903,10130,2,3,16211097
2025,99903,10130,2,4,38893840
2025,99903,10130,2,5,36774648
2025,99903,10130,2,6,15602646
2025,99903,10130,2,7,21017557
2025,99903,10130,2,8,26699492
2025,99903,10130,2,9,41477027
2025,99903,10130,2,10,25845236
2025,99903,10130,2,11,15199786
2025,99903,10130,2,12,5198801
2025,99903,10130,2,13,13439624
2025,99903,10130,2,14,2290343
2025,99903,10130,2,15,6262839
2025,99903,10130,2,16,3930408
2025,99903,10130,2,18,1200555
2025,99903,10130,2,19,651297
2025,99903,10130,3,2,2180606
2025,99903,10130,3,3,1799600
2025,99903,10130,3,4,496441
2025,99903,10130,3,5,353472
2025,99903,10130,3,6,367807
2025,99903,10130,3,7,303636
2025,99903,10130,3,8,585884
2025,99903,10130,3,9,615455
2025,99903,10130,3,10,314020
2025,99903,10130,3,11,162990
2025,99903,10130,3,12,97771
2025,99903,10130,3,13,163681
2025,99903,10130,3,14,63943
2025,99903,10130,3,15,74924
2025,99903,10130,3,16,59756
2025,99903,10130,3,17,8660
2025,99903,10130,3,20,33404
2025,99903,10180,1,2,189594
2025,99903,10180,1,3,722502
2025,99903,10180,1,4,3807126
2025,99903,10180,1,5,5121317
2025,99903,10180,1,6,1030118
2025,99903,10180,1,7,2318210
2025,99903,10180,1,8,1833513
2025,99903,10180,1,9,1721649
2025,99903,10180,1,10,2002689
2025,99903,10180,1,11,1616931
2025,99903,10180,1,12,1123375
2025,99903,10180,1,13,1193416
2025,99903,10180,1,14,657999
2025,99903,10180,1,15,770310
2025,99903,10180,1,16,1921387
2025,99903,10180,1,17,1021958
2025,99903,10180,1,18,1592810
2025,99903,10180,1,19,295675
2025,99903,10180,1,20,463369
2025,99903,10180,1,21,542009
2025,99903,10180,1,22,323401
2025,99903,10180,1,23,496272
2025,99903,10180,1,24,231082
2025,99903,10180,1,25,489052
2025,99903,10180,1,26,372465
2025,99903,10180,1,28,478287
2025,99903,10180,1,29,68359
2025,99903,10180,1,30,519565
2025,99903,10180,1,31,145750
2025,99903,10180,1,32,176637
2025,99903,10180,1,33,176637
2025,99903,10180,1,35,195828
2025,99903,10180,1,36,173885
2025,99903,10180,1,37,265190
2025,99903,10180,1,38,438626
2025,99903,10180,1,39,91949
2025,99903,10180,1,40,205876
2025,99903,10180,1,43,264187
2025,99903,10180,1,44,358558
2025,99903,10180,1,47,176637
2025,99903,10180,1,48,386981
2025,99903,10180,1,50,155899
2025,99903,10180,1,51,195828
2025,99903,10180,1,53,317618
2025,99903,10180,1,57,155899
2025,99903,10180,2,2,245170
2025,99903,10180,2,3,845049
2025,99903,10180,2,4,5959766
2025,99903,10180,2,5,3051437
2025,99903,10180,2,6,1938088
2025,99903,10180,2,7,1407647
2025,99903,10180,2,8,3113166
2025,99903,10180,2,9,1092249
2025,99903,10180,2,10,701463
2025,99903,10180,2,11,2065532
2025,99903,10180,2,12,679316
2025,99903,10180,2,13,1305390
2025,99903,10180,2,14,932593
2025,99903,10180,2,15,634671
2025,99903,10180,2,16,1101344
2025,99903,10180,2,17,236216
2025,99903,10180,2,18,438669
2025,99903,10180,2,19,373894
2025,99903,10180,2,20,1299450
2025,99903,10180,2,21,764376
2025,99903,10180,2,22,740723
2025,99903,10180,2,23,686007
2025,99903,10180,2,24,950702
2025,99903,10180,2,25,290833
2025,99903,10180,2,26,395954
2025,99903,10180,2,28,105360
2025,99903,10180,2,30,82315
2025,99903,10180,2,31,316569
2025,99903,10180,2,32,105275
2025,99903,10180,2,33,236216
2025,99903,10180,2,34,356957
2025,99903,10180,2,36,208054
2025,99903,10180,2,38,159464
2025,99903,10180,2,40,159464
2025,99903,10180,2,42,223437
2025,99903,10180,2,45,292590
2025,99903,10180,2,62,105360
2025,99903,10180,2,64,130029
2025,99903,10180,3,3,5809
2025,99903,10180,3,4,19707
2025,99903,10180,3,5,29733
2025,99903,10180,3,6,12109
2025,99903,10180,3,7,33154
2025,99903,10180,3,8,80353
2025,99903,10180,3,9,38111
2025,99903,10180,3,10,46964
2025,99903,10180,3,11,58692
2025,99903,10180,3,12,32446
2025,99903,10180,3,13,33963
2025,99903,10180,3,14,31436
2025,99903,10180,3,15,28520
2025,99903,10180,3,16,46958
2025,99903,10180,3,17,18769
2025,99903,10180,3,18,25576
2025,99903,10180,3,19,8896
2025,99903,10180,3,20,14456
2025,99903,10180,3,21,7124
2025,99903,10180,3,22,9214
2025,99903,10180,3,24,2224
2025,99903,10180,3,25,2446
2025,99903,10180,3,26,9348
2025,99903,10180,3,28,8872
2025,99903,10180,3,29,2224
2025,99903,10180,3,31,6990
2025,99903,10180,3,32,1882
2025,99903,10180,3,33,1882
2025,99903,10180,3,35,5242
2025,99903,10180,3,40,2446
2025,99903,10180,3,43,7466
2025,99903,10180,3,44,10873
2025,99903,10180,3,47,1882
2025,99903,10180,3,51,5242
2025,99903,10180,3,53,5242
2025,99903,10200,1,2,5354029
2025,99903,10200,1,3,21143240
2025,99903,10200,1,4,52910281
2025,99903,10200,1,5,18337982
2025,99903,10200,1,6,10845557
2025,99903,10200,1,7,17421338
2025,99903,10200,1,8,6106661
2025,99903,10200,1,9,8306476
2025,99903,10200,1,10,5503296
2025,99903,10200,1,11,5737026
2025,99903,10200,1,12,12716690
2025,99903,10200,1,13,1958472
2025,99903,10200,1,14,2661512
2025,99903,10200,1,15,5354006
2025,99903,10200,1,16,541817
2025,99903,10200,1,17,546775
2025,99903,10200,1,18,858624
2025,99903,10200,1,19,627299
2025,99903,10200,1,20,858624
2025,99903,10200,1,21,727722
2025,99903,10200,1,23,487578
2025,99903,10200,1,29,371046
2025,99903,10200,1,31,380969
2025,99903,10200,1,34,754996
2025,99903,10200,2,2,5688296
2025,99903,10200,2,3,13589286
2025,99903,10200,2,4,53418518
2025,99903,10200,2,5,17815674
2025,99903,10200,2,6,11004569
2025,99903,10200,2,7,9399349
2025,99903,10200,2,8,9934194
2025,99903,10200,2,9,4814010
2025,99903,10200,2,10,7085800
2025,99903,10200,2,11,6577376
2025,99903,10200,2,12,8622174
2025,99903,10200,2,13,2769065
2025,99903,10200,2,14,989550
2025,99903,10200,2,15,1603599
2025,99903,10200,2,16,2085995
2025,99903,10200,2,17,1287490
2025,99903,10200,2,19,1128898
2025,99903,10200,2,20,1688696
2025,99903,10200,2,21,1297042
2025,99903,10200,2,22,979285
2025,99903,10200,2,25,498713
2025,99903,10200,2,27,530450
2025,99903,10200,3,2,624428
2025,99903,10200,3,3,179431
2025,99903,10200,3,4,210361
2025,99903,10200,3,5,29874
2025,99903,10262,1,2,283807
2025,99903,10262,1,3,2316503
2025,99903,10262,1,4,13680299
2025,99903,10262,1,5,26614367
2025,99903,10262,1,6,7627992
2025,99903,10262,1,7,4494033
2025,99903,10262,1,8,3333512
2025,99903,10262,1,9,5195023
2025,99903,10262,1,10,841195
2025,99903,10262,1,11,247594
2025,99903,10262,1,12,1300829
2025,99903,10262,1,13,473767
2025,99903,10262,1,14,3471318
2025,99903,10262,1,15,1540992
2025,99903,10262,1,16,2019612
2025,99903,10262,1,17,1233307
2025,99903,10262,1,18,439330
2025,99903,10262,1,19,960268
2025,99903,10262,1,22,321950
2025,99903,10262,1,23,577923
2025,99903,10262,1,24,444734
2025,99903,10262,1,25,227440
2025,99903,10262,2,2,329888
2025,99903,10262,2,3,3522734
2025,99903,10262,2,4,18894022
2025,99903,10262,2,5,25355944
2025,99903,10262,2,6,13304732
2025,99903,10262,2,7,7172765
2025,99903,10262,2,8,8505253
2025,99903,10262,2,9,12239771
2025,99903,10262,2,10,5691399
2025,99903,10262,2,11,4447123
2025,99903,10262,2,12,2585640
2025,99903,10262,2,13,1924154
2025,99903,10262,2,14,5472404
2025,99903,10262,2,15,4518498
2025,99903,10262,2,16,6256933
2025,99903,10262,2,17,5272901
2025,99903,10262,2,18,3818797
2025,99903,10262,2,19,2036315
2025,99903,10262,2,20,1760367
2025,99903,10262,2,21,2978674
2025,99903,10262,2,22,1258173
2025,99903,10262,2,23,296247
2025,99903,10262,2,24,221322
2025,99903,10262,3,4,22186
2025,99903,10262,3,8,3525
2025,99903,10262,3,9,4230
2025,99903,10262,3,10,2820
2025,99903,10262,3,11,4230
2025,99903,10262,3,12,2115
2025,99903,10262,3,13,705
2025,99903,10262,3,14,705
2025,99903,10262,3,15,1410
2025,99903,10262,3,17,705
2025,99903,10262,3,18,705
2025,99903,21720,1,1,9773639
2025,99903,21720,1,2,16920283
2025,99903,21720,1,3,17817905
2025,99903,21720,1,4,2842356
2025,99903,21720,1,5,3161309
2025,99903,21720,1,6,3338758
2025,99903,21720,1,7,962619
2025,99903,21720,1,8,248716
2025,99903,21720,2,1,11414865
2025,99903,21720,2,2,14024585
2025,99903,21720,2,3,16920397
2025,99903,21720,2,4,5740618
2025,99903,21720,2,5,3297213
2025,99903,21720,2,6,1867294
2025,99903,21720,2,7,1828622
2025,99903,21720,2,8,832044
2025,99903,21720,2,9,65345
2025,99903,21720,3,1,22532
2025,99903,21740,1,1,65075684
2025,99903,21740,1,2,56739390
2025,99903,21740,1,3,32285653
2025,99903,21740,1,4,9877563
2025,99903,21740,1,5,6672602
2025,99903,21740,1,6,22689079
2025,99903,21740,1,7,82434221
2025,99903,21740,1,8,11447342
2025,99903,21740,1,9,1876585
2025,99903,21740,1,11,397324
2025,99903,21740,2,1,61937867
2025,99903,21740,2,2,54229992
2025,99903,21740,2,3,44837024
2025,99903,21740,2,4,17820022
2025,99903,21740,2,5,6455459
2025,99903,21740,2,6,12266788
2025,99903,21740,2,7,125730830
2025,99903,21740,2,8,12020158
2025,99903,21740,2,9,1805608
2025,99903,21740,2,10,93764
2025,99903,21740,3,1,44987228
2025,99903,21740,3,2,2140158
2025,99903,21740,3,3,155977
2025,99903,21740,3,4,89637
2025,99903,21740,3,5,40612
2025,99903,21740,3,6,155706
2025,99903,21740,3,7,366125
2025,99903,21740,3,8,57654
2025,99903,21740,3,9,3169
2025,99903,30051,1,2,71120
2025,99903,30051,1,3,568962
2025,99903,30051,1,4,115226
2025,99903,30051,1,5,808570
2025,99903,30051,1,6,1447105
2025,99903,30051,1,7,682787
2025,99903,30051,1,8,1436252
2025,99903,30051,1,9,1341822
2025,99903,30051,1,10,781367
2025,99903,30051,1,11,584275
2025,99903,30051,1,12,462644
2025,99903,30051,1,13,1060376
2025,99903,30051,1,14,710709
2025,99903,30051,1,15,327587
2025,99903,30051,1,16,62333
2025,99903,30051,1,17,48325
2025,99903,30051,1,18,48325
2025,99903,30051,1,19,104821
2025,99903,30051,1,21,89850
2025,99903,30051,1,22,31167
2025,99903,30051,1,23,45394
2025,99903,30051,1,25,259793
2025,99903,30051,1,33,33882
2025,99903,30051,1,42,21228
2025,99903,30051,1,44,33882
2025,99903,30051,1,54,71440
2025,99903,30051,1,108,67511
2025,99903,30051,2,3,601022
2025,99903,30051,2,4,237443
2025,99903,30051,2,5,668846
2025,99903,30051,2,6,903959
2025,99903,30051,2,7,1426971
2025,99903,30051,2,8,1801970
2025,99903,30051,2,9,1894018
2025,99903,30051,2,10,696825
2025,99903,30051,2,11,341478
2025,99903,30051,2,12,889524
2025,99903,30051,2,13,220649
2025,99903,30051,2,14,161796
2025,99903,30051,2,15,278303
2025,99903,30051,2,16,130937
2025,99903,30051,2,17,91695
2025,99903,30051,2,18,403608
2025,99903,30051,2,20,145348
2025,99903,30051,2,21,102335
2025,99903,30051,2,22,81473
2025,99903,30051,2,23,88522
2025,99903,30051,2,24,221844
2025,99903,30051,2,25,42781
2025,99903,30051,2,27,18536
2025,99903,30051,2,29,18536
2025,99903,30051,2,30,136549
2025,99903,30051,2,31,19405
2025,99903,30051,2,33,211815
2025,99903,30051,2,40,18536
2025,99903,30051,2,62,28224
2025,99903,30051,3,2,92886
2025,99903,30051,3,3,90601
2025,99903,30051,3,4,8577
2025,99903,30051,3,5,24385
2025,99903,30051,3,6,17816
2025,99903,30052,1,3,241356
2025,99903,30052,1,4,230574
2025,99903,30052,1,5,83460
2025,99903,30052,1,6,230671
2025,99903,30052,1,7,302245
2025,99903,30052,1,8,237257
2025,99903,30052,1,9,884877
2025,99903,30052,1,10,459802
2025,99903,30052,1,11,643294
2025,99903,30052,1,12,288556
2025,99903,30052,1,13,443406
2025,99903,30052,1,14,1707690
2025,99903,30052,1,15,124921
2025,99903,30052,1,16,3943918
2025,99903,30052,1,17,2251637
2025,99903,30052,1,18,316167
2025,99903,30052,1,19,1293071
2025,99903,30052,1,20,61692
2025,99903,30052,1,21,500972
2025,99903,30052,1,22,444071
2025,99903,30052,1,24,40513
2025,99903,30052,1,25,30346
2025,99903,30052,1,27,87194
2025,99903,30052,1,28,1107011
2025,99903,30052,1,30,635529
2025,99903,30052,1,35,30346
2025,99903,30052,1,36,38489
2025,99903,30052,1,37,152036
2025,99903,30052,2,3,107099
2025,99903,30052,2,4,314722
2025,99903,30052,2,5,211862
2025,99903,30052,2,6,25608
2025,99903,30052,2,7,117086
2025,99903,30052,2,8,572687
2025,99903,30052,2,9,158593
2025,99903,30052,2,10,1138711
2025,99903,30052,2,11,711803
2025,99903,30052,2,12,951992
2025,99903,30052,2,13,1132408
2025,99903,30052,2,14,188371
2025,99903,30052,2,15,431720
2025,99903,30052,2,16,1047606
2025,99903,30052,2,17,137492
2025,99903,30052,2,18,432904
2025,99903,30052,2,19,1752300
2025,99903,30052,2,20,973378
2025,99903,30052,2,21,188798
2025,99903,30052,2,22,352894
2025,99903,30052,2,24,355949
2025,99903,30052,2,25,219741
2025,99903,30052,2,26,3558399
2025,99903,30052,2,28,1179930
2025,99903,30052,2,30,76977
2025,99903,30052,2,31,96222
2025,99903,30052,2,42,38489
2025,99903,30052,3,2,42506
2025,99903,30052,3,3,142118
2025,99903,30052,3,4,42506
2025,99903,30052,3,5,35853
2025,99903,30052,3,6,7084
2025,99903,30052,3,8,7084
2025,99903,30060,1,1,680997
2025,99903,30060,1,2,36271550
2025,99903,30060,1,3,86610838
2025,99903,30060,1,4,18678204
2025,99903,30060,1,5,57215072
2025,99903,30060,1,6,61502605
2025,99903,30060,1,7,55846908
2025,99903,30060,1,8,50394235
2025,99903,30060,1,9,82551314
2025,99903,30060,1,10,104787318
2025,99903,30060,1,11,80094173
2025,99903,30060,1,12,70225018
2025,99903,30060,1,13,43905286
2025,99903,30060,1,14,26023790
2025,99903,30060,1,15,33234882
2025,99903,30060,1,16,32079632
2025,99903,30060,1,17,41883238
2025,99903,30060,1,18,36296149
2025,99903,30060,1,19,31098710
2025,99903,30060,1,20,29014172
2025,99903,30060,1,21,38601683
2025,99903,30060,1,22,25889729
2025,99903,30060,1,23,17517908
2025,99903,30060,1,24,32453193
2025,99903,30060,1,25,29543733
2025,99903,30060,1,26,16375608
2025,99903,30060,1,27,13777330
2025,99903,30060,1,28,15099546
2025,99903,30060,1,29,6351518
2025,99903,30060,1,30,5429364
2025,99903,30060,1,31,15494031
2025,99903,30060,1,32,10422091
2025,99903,30060,1,33,8352170
2025,99903,30060,1,34,4981010
2025,99903,30060,1,35,4462102
2025,99903,30060,1,36,3254921
2025,99903,30060,1,37,2256629
2025,99903,30060,1,38,1326356
2025,99903,30060,1,39,1822134
2025,99903,30060,1,40,1822134
2025,99903,30060,1,41,1422401
2025,99903,30060,1,48,166491
2025,99903,30060,1,49,1822134
2025,99903,30060,1,50,834228
2025,99903,30060,1,57,1846106
2025,99903,30060,1,59,1832520
2025,99903,30060,2,1,908977
2025,99903,30060,2,2,22439909
2025,99903,30060,2,3,73947681
2025,99903,30060,2,4,17159481
2025,99903,30060,2,5,62968396
2025,99903,30060,2,6,36731611
2025,99903,30060,2,7,82941285
2025,99903,30060,2,8,39805347
2025,99903,30060,2,9,111232212
2025,99903,30060,2,10,71171252
2025,99903,30060,2,11,93634932
2025,99903,30060,2,12,76032742
2025,99903,30060,2,13,60011770
2025,99903,30060,2,14,40199619
2025,99903,30060,2,15,8451277
2025,99903,30060,2,16,44448522
2025,99903,30060,2,17,33376555
2025,99903,30060,2,18,33472301
2025,99903,30060,2,19,49520212
2025,99903,30060,2,20,31454311
2025,99903,30060,2,21,38356648
2025,99903,30060,2,22,42216171
2025,99903,30060,2,23,21786991
2025,99903,30060,2,24,24035759
2025,99903,30060,2,25,27058905
2025,99903,30060,2,26,9648981
2025,99903,30060,2,27,23069553
2025,99903,30060,2,28,11552828
2025,99903,30060,2,29,7640461
2025,99903,30060,2,30,17638390
2025,99903,30060,2,31,9475800
2025,99903,30060,2,32,7611121
2025,99903,30060,2,33,4638982
2025,99903,30060,2,34,3345534
2025,99903,30060,2,37,1293448
2025,99903,30060,2,38,1687437
2025,99903,30060,2,41,1713346
2025,99903,30060,2,42,978000
2025,99903,30060,2,51,19670
2025,99903,30060,2,60,1713346
2025,99903,30060,2,61,1687437
2025,99903,30060,3,1,35620
2025,99903,30060,3,2,1495760
2025,99903,30060,3,3,381621
2025,99903,30060,3,4,24694
2025,99903,30060,3,5,56479
2025,99903,30060,3,6,20080
2025,99903,30060,3,7,1794
2025,99903,30060,3,8,186
2025,99903,30060,3,9,2167
2025,99903,30060,3,10,746
2025,99903,30060,3,11,1305
2025,99903,30060,3,12,2424
2025,99903,30060,3,13,1865
2025,99903,30060,3,14,1492
2025,99903,30060,3,15,746
2025,99903,30060,3,16,1305
2025,99903,30060,3,17,1678
2025,99903,30060,3,18,1305
2025,99903,30060,3,19,1119
2025,99903,30060,3,20,1119
2025,99903,30060,3,21,1865
2025,99903,30060,3,22,746
2025,99903,30060,3,23,746
2025,99903,30060,3,24,559
2025,99903,30060,3,25,1119
2025,99903,30060,3,27,186
2025,99903,30060,3,29,186
2025,99903,30060,3,31,186
2025,99903,30060,3,32,373
2025,99903,30060,3,33,186
2025,99903,30060,3,34,186
2025,99903,30060,3,39,186
2025,99903,30060,3,40,186
2025,99903,30060,3,49,186
2025,99903,30152,1,3,19188
2025,99903,30152,1,5,65781
2025,99903,30152,1,6,86435
2025,99903,30152,1,7,409168
2025,99903,30152,1,8,947493
2025,99903,30152,1,9,4056083
2025,99903,30152,1,10,3396816
2025,99903,30152,1,11,5876297
2025,99903,30152,1,12,5473930
2025,99903,30152,1,13,2780781
2025,99903,30152,1,14,3112543
2025,99903,30152,1,15,1560258
2025,99903,30152,1,16,1639314
2025,99903,30152,1,17,2074346
2025,99903,30152,1,18,1994631
2025,99903,30152,1,19,1509757
2025,99903,30152,1,20,1181683
2025,99903,30152,1,21,2418175
2025,99903,30152,1,22,443600
2025,99903,30152,1,23,204775
2025,99903,30152,1,24,702507
2025,99903,30152,1,25,1258100
2025,99903,30152,1,26,364697
2025,99903,30152,1,27,565734
2025,99903,30152,1,28,448191
2025,99903,30152,1,29,121281
2025,99903,30152,1,30,121281
2025,99903,30152,1,31,244268
2025,99903,30152,1,32,121281
2025,99903,30152,1,34,122134
2025,99903,30152,1,37,174092
2025,99903,30152,2,3,19188
2025,99903,30152,2,4,21284
2025,99903,30152,2,5,121094
2025,99903,30152,2,6,315820
2025,99903,30152,2,7,212911
2025,99903,30152,2,8,1457692
2025,99903,30152,2,9,4339610
2025,99903,30152,2,10,4334631
2025,99903,30152,2,11,5934325
2025,99903,30152,2,12,5787547
2025,99903,30152,2,13,2420193
2025,99903,30152,2,14,1838114
2025,99903,30152,2,15,2068942
2025,99903,30152,2,16,3424626
2025,99903,30152,2,17,2827843
2025,99903,30152,2,18,1486351
2025,99903,30152,2,19,2387347
2025,99903,30152,2,20,929457
2025,99903,30152,2,21,1257675
2025,99903,30152,2,22,1639181
2025,99903,30152,2,23,247646
2025,99903,30152,2,24,1028119
2025,99903,30152,2,25,322381
2025,99903,30152,2,26,345368
2025,99903,30152,2,27,157081
2025,99903,30152,2,28,784845
2025,99903,30152,2,30,677944
2025,99903,30152,2,31,322381
2025,99903,30152,2,32,556668
2025,99903,30152,2,33,273217
2025,99903,30152,2,34,221545
2025,99903,30152,2,35,234287
2025,99903,30152,2,45,549632
2025,99903,30152,3,8,11604
2025,99903,30152,3,9,22236
2025,99903,30152,3,10,7031
2025,99903,30152,3,11,7831
2025,99903,30152,3,12,5487
2025,99903,30152,3,13,2744
2025,99903,30152,3,14,686
2025,99903,30152,3,16,1372
2025,99903,30152,3,17,686
2025,99903,30420,1,5,72466
2025,99903,30420,1,6,213266
2025,99903,30420,1,7,441807
2025,99903,30420,1,8,909407
2025,99903,30420,1,9,775019
2025,99903,30420,1,10,1862946
2025,99903,30420,1,11,1216950
2025,99903,30420,1,12,1727734
2025,99903,30420,1,13,2006309
2025,99903,30420,1,14,606636
2025,99903,30420,1,15,267228
2025,99903,30420,1,16,1439163
2025,99903,30420,1,17,1541685
2025,99903,30420,1,18,1652176
2025,99903,30420,1,19,2392179
2025,99903,30420,1,20,2647624
2025,99903,30420,1,21,2456783
2025,99903,30420,1,22,2175205
2025,99903,30420,1,23,1756930
2025,99903,30420,1,24,2539255
2025,99903,30420,1,25,1024360
2025,99903,30420,1,26,491759
2025,99903,30420,1,27,1154986
2025,99903,30420,1,28,1218103
2025,99903,30420,1,29,699474
2025,99903,30420,1,31,740002
2025,99903,30420,1,32,1704430
2025,99903,30420,1,33,836299
2025,99903,30420,1,35,1355375
2025,99903,30420,1,36,224531
2025,99903,30420,1,37,548650
2025,99903,30420,1,38,1479105
2025,99903,30420,1,39,113897
2025,99903,30420,1,40,548650
2025,99903,30420,1,41,449062
2025,99903,30420,1,42,553429
2025,99903,30420,1,43,783675
2025,99903,30420,1,44,1003427
2025,99903,30420,1,45,512180
2025,99903,30420,1,46,553429
2025,99903,30420,1,49,987502
2025,99903,30420,1,50,763609
2025,99903,30420,1,52,548650
2025,99903,30420,1,54,224531
2025,99903,30420,1,58,287649
2025,99903,30420,2,5,228040
2025,99903,30420,2,6,80182
2025,99903,30420,2,7,142654
2025,99903,30420,2,8,490500
2025,99903,30420,2,9,1932394
2025,99903,30420,2,10,2998069
2025,99903,30420,2,11,427085
2025,99903,30420,2,12,973218
2025,99903,30420,2,13,862363
2025,99903,30420,2,14,427085
2025,99903,30420,2,15,1161393
2025,99903,30420,2,16,1433836
2025,99903,30420,2,17,2151560
2025,99903,30420,2,18,3458492
2025,99903,30420,2,19,2790419
2025,99903,30420,2,20,1892631
2025,99903,30420,2,21,6617174
2025,99903,30420,2,22,1551404
2025,99903,30420,2,23,3774635
2025,99903,30420,2,24,3331359
2025,99903,30420,2,25,3376627
2025,99903,30420,2,26,2306724
2025,99903,30420,2,27,298195
2025,99903,30420,2,28,624066
2025,99903,30420,2,29,1052960
2025,99903,30420,2,30,726995
2025,99903,30420,2,31,1094680
2025,99903,30420,2,32,1302932
2025,99903,30420,2,33,2343528
2025,99903,30420,2,34,2243602
2025,99903,30420,2,35,1821172
2025,99903,30420,2,36,511949
2025,99903,30420,2,37,624066
2025,99903,30420,2,38,2022562
2025,99903,30420,2,39,1271559
2025,99903,30420,2,40,2359964
2025,99903,30420,2,41,2031878
2025,99903,30420,2,42,835521
2025,99903,30420,2,43,1023897
2025,99903,30420,2,44,1420048
2025,99903,30420,2,45,474206
2025,99903,30420,2,46,237103
2025,99903,30420,2,47,639752
2025,99903,30420,2,48,237103
2025,99903,30420,2,49,435278
2025,99903,30420,2,51,902234
2025,99903,30420,2,52,711309
2025,99903,30420,2,54,259159
2025,99903,30420,2,56,237103
2025,99903,30420,2,57,624066
